<eagle version="6.1"><drawing><settings><setting alwaysvectorfont="no" verticaltext="up"/></settings><grid distance="0.1" unitdist="inch" unit="inch" style="lines" multiple="1" display="no" altdistance="0.01" altunitdist="inch" altunit="inch"/><layers><layer number="91" name="Nets" color="2" fill="1" visible="yes" active="yes"/><layer number="92" name="Busses" color="1" fill="1" visible="yes" active="yes"/><layer number="93" name="Pins" color="2" fill="1" visible="no" active="yes"/><layer number="94" name="Symbols" color="4" fill="1" visible="yes" active="yes"/><layer number="95" name="Names" color="7" fill="1" visible="yes" active="yes"/><layer number="96" name="Values" color="7" fill="1" visible="yes" active="yes"/><layer number="97" name="Info" color="7" fill="1" visible="yes" active="yes"/><layer number="98" name="Guide" color="6" fill="1" visible="yes" active="yes"/></layers><schematic><libraries><library name="AcceleratedDesigns_Lib"><packages><package name="LQFP-144"><pad name="1" drill="0" y="8.75" x="-10.7188"/><pad name="2" drill="0" y="8.25" x="-10.7188"/><pad name="3" drill="0" y="7.75" x="-10.7188"/><pad name="4" drill="0" y="7.25" x="-10.7188"/><pad name="5" drill="0" y="6.75" x="-10.7188"/><pad name="6" drill="0" y="6.25" x="-10.7188"/><pad name="7" drill="0" y="5.75" x="-10.7188"/><pad name="8" drill="0" y="5.25" x="-10.7188"/><pad name="9" drill="0" y="4.75" x="-10.7188"/><pad name="10" drill="0" y="4.25" x="-10.7188"/><pad name="11" drill="0" y="3.75" x="-10.7188"/><pad name="12" drill="0" y="3.25" x="-10.7188"/><pad name="13" drill="0" y="2.75" x="-10.7188"/><pad name="14" drill="0" y="2.25" x="-10.7188"/><pad name="15" drill="0" y="1.75" x="-10.7188"/><pad name="16" drill="0" y="1.25" x="-10.7188"/><pad name="17" drill="0" y="0.75" x="-10.7188"/><pad name="18" drill="0" y="0.25" x="-10.7188"/><pad name="19" drill="0" y="-0.25" x="-10.7188"/><pad name="20" drill="0" y="-0.75" x="-10.7188"/><pad name="21" drill="0" y="-1.25" x="-10.7188"/><pad name="22" drill="0" y="-1.75" x="-10.7188"/><pad name="23" drill="0" y="-2.25" x="-10.7188"/><pad name="24" drill="0" y="-2.75" x="-10.7188"/><pad name="25" drill="0" y="-3.25" x="-10.7188"/><pad name="26" drill="0" y="-3.75" x="-10.7188"/><pad name="27" drill="0" y="-4.25" x="-10.7188"/><pad name="28" drill="0" y="-4.75" x="-10.7188"/><pad name="29" drill="0" y="-5.25" x="-10.7188"/><pad name="30" drill="0" y="-5.75" x="-10.7188"/><pad name="31" drill="0" y="-6.25" x="-10.7188"/><pad name="32" drill="0" y="-6.75" x="-10.7188"/><pad name="33" drill="0" y="-7.25" x="-10.7188"/><pad name="34" drill="0" y="-7.75" x="-10.7188"/><pad name="35" drill="0" y="-8.25" x="-10.7188"/><pad name="36" drill="0" y="-8.75" x="-10.7188"/><pad name="37" drill="0" y="-10.7188" x="-8.75"/><pad name="38" drill="0" y="-10.7188" x="-8.25"/><pad name="39" drill="0" y="-10.7188" x="-7.75"/><pad name="40" drill="0" y="-10.7188" x="-7.25"/><pad name="41" drill="0" y="-10.7188" x="-6.75"/><pad name="42" drill="0" y="-10.7188" x="-6.25"/><pad name="43" drill="0" y="-10.7188" x="-5.75"/><pad name="44" drill="0" y="-10.7188" x="-5.25"/><pad name="45" drill="0" y="-10.7188" x="-4.75"/><pad name="46" drill="0" y="-10.7188" x="-4.25"/><pad name="47" drill="0" y="-10.7188" x="-3.75"/><pad name="48" drill="0" y="-10.7188" x="-3.25"/><pad name="49" drill="0" y="-10.7188" x="-2.75"/><pad name="50" drill="0" y="-10.7188" x="-2.25"/><pad name="51" drill="0" y="-10.7188" x="-1.75"/><pad name="52" drill="0" y="-10.7188" x="-1.25"/><pad name="53" drill="0" y="-10.7188" x="-0.75"/><pad name="54" drill="0" y="-10.7188" x="-0.25"/><pad name="55" drill="0" y="-10.7188" x="0.25"/><pad name="56" drill="0" y="-10.7188" x="0.75"/><pad name="57" drill="0" y="-10.7188" x="1.25"/><pad name="58" drill="0" y="-10.7188" x="1.75"/><pad name="59" drill="0" y="-10.7188" x="2.25"/><pad name="60" drill="0" y="-10.7188" x="2.75"/><pad name="61" drill="0" y="-10.7188" x="3.25"/><pad name="62" drill="0" y="-10.7188" x="3.75"/><pad name="63" drill="0" y="-10.7188" x="4.25"/><pad name="64" drill="0" y="-10.7188" x="4.75"/><pad name="65" drill="0" y="-10.7188" x="5.25"/><pad name="66" drill="0" y="-10.7188" x="5.75"/><pad name="67" drill="0" y="-10.7188" x="6.25"/><pad name="68" drill="0" y="-10.7188" x="6.75"/><pad name="69" drill="0" y="-10.7188" x="7.25"/><pad name="70" drill="0" y="-10.7188" x="7.75"/><pad name="71" drill="0" y="-10.7188" x="8.25"/><pad name="72" drill="0" y="-10.7188" x="8.75"/><pad name="73" drill="0" y="-8.75" x="10.7188"/><pad name="74" drill="0" y="-8.25" x="10.7188"/><pad name="75" drill="0" y="-7.75" x="10.7188"/><pad name="76" drill="0" y="-7.25" x="10.7188"/><pad name="77" drill="0" y="-6.75" x="10.7188"/><pad name="78" drill="0" y="-6.25" x="10.7188"/><pad name="79" drill="0" y="-5.75" x="10.7188"/><pad name="80" drill="0" y="-5.25" x="10.7188"/><pad name="81" drill="0" y="-4.75" x="10.7188"/><pad name="82" drill="0" y="-4.25" x="10.7188"/><pad name="83" drill="0" y="-3.75" x="10.7188"/><pad name="84" drill="0" y="-3.25" x="10.7188"/><pad name="85" drill="0" y="-2.75" x="10.7188"/><pad name="86" drill="0" y="-2.25" x="10.7188"/><pad name="87" drill="0" y="-1.75" x="10.7188"/><pad name="88" drill="0" y="-1.25" x="10.7188"/><pad name="89" drill="0" y="-0.75" x="10.7188"/><pad name="90" drill="0" y="-0.25" x="10.7188"/><pad name="91" drill="0" y="0.25" x="10.7188"/><pad name="92" drill="0" y="0.75" x="10.7188"/><pad name="93" drill="0" y="1.25" x="10.7188"/><pad name="94" drill="0" y="1.75" x="10.7188"/><pad name="95" drill="0" y="2.25" x="10.7188"/><pad name="96" drill="0" y="2.75" x="10.7188"/><pad name="97" drill="0" y="3.25" x="10.7188"/><pad name="98" drill="0" y="3.75" x="10.7188"/><pad name="99" drill="0" y="4.25" x="10.7188"/><pad name="100" drill="0" y="4.75" x="10.7188"/><pad name="101" drill="0" y="5.25" x="10.7188"/><pad name="102" drill="0" y="5.75" x="10.7188"/><pad name="103" drill="0" y="6.25" x="10.7188"/><pad name="104" drill="0" y="6.75" x="10.7188"/><pad name="105" drill="0" y="7.25" x="10.7188"/><pad name="106" drill="0" y="7.75" x="10.7188"/><pad name="107" drill="0" y="8.25" x="10.7188"/><pad name="108" drill="0" y="8.75" x="10.7188"/><pad name="109" drill="0" y="10.7188" x="8.75"/><pad name="110" drill="0" y="10.7188" x="8.25"/><pad name="111" drill="0" y="10.7188" x="7.75"/><pad name="112" drill="0" y="10.7188" x="7.25"/><pad name="113" drill="0" y="10.7188" x="6.75"/><pad name="114" drill="0" y="10.7188" x="6.25"/><pad name="115" drill="0" y="10.7188" x="5.75"/><pad name="116" drill="0" y="10.7188" x="5.25"/><pad name="117" drill="0" y="10.7188" x="4.75"/><pad name="118" drill="0" y="10.7188" x="4.25"/><pad name="119" drill="0" y="10.7188" x="3.75"/><pad name="120" drill="0" y="10.7188" x="3.25"/><pad name="121" drill="0" y="10.7188" x="2.75"/><pad name="122" drill="0" y="10.7188" x="2.25"/><pad name="123" drill="0" y="10.7188" x="1.75"/><pad name="124" drill="0" y="10.7188" x="1.25"/><pad name="125" drill="0" y="10.7188" x="0.75"/><pad name="126" drill="0" y="10.7188" x="0.25"/><pad name="127" drill="0" y="10.7188" x="-0.25"/><pad name="128" drill="0" y="10.7188" x="-0.75"/><pad name="129" drill="0" y="10.7188" x="-1.25"/><pad name="130" drill="0" y="10.7188" x="-1.75"/><pad name="131" drill="0" y="10.7188" x="-2.25"/><pad name="132" drill="0" y="10.7188" x="-2.75"/><pad name="133" drill="0" y="10.7188" x="-3.25"/><pad name="134" drill="0" y="10.7188" x="-3.75"/><pad name="135" drill="0" y="10.7188" x="-4.25"/><pad name="136" drill="0" y="10.7188" x="-4.75"/><pad name="137" drill="0" y="10.7188" x="-5.25"/><pad name="138" drill="0" y="10.7188" x="-5.75"/><pad name="139" drill="0" y="10.7188" x="-6.25"/><pad name="140" drill="0" y="10.7188" x="-6.75"/><pad name="141" drill="0" y="10.7188" x="-7.25"/><pad name="142" drill="0" y="10.7188" x="-7.75"/><pad name="143" drill="0" y="10.7188" x="-8.25"/><pad name="144" drill="0" y="10.7188" x="-8.75"/></package><package name="LQFP-144-M"><pad name="1" drill="0" y="8.75" x="-10.7696"/><pad name="2" drill="0" y="8.25" x="-10.7696"/><pad name="3" drill="0" y="7.75" x="-10.7696"/><pad name="4" drill="0" y="7.25" x="-10.7696"/><pad name="5" drill="0" y="6.75" x="-10.7696"/><pad name="6" drill="0" y="6.25" x="-10.7696"/><pad name="7" drill="0" y="5.75" x="-10.7696"/><pad name="8" drill="0" y="5.25" x="-10.7696"/><pad name="9" drill="0" y="4.75" x="-10.7696"/><pad name="10" drill="0" y="4.25" x="-10.7696"/><pad name="11" drill="0" y="3.75" x="-10.7696"/><pad name="12" drill="0" y="3.25" x="-10.7696"/><pad name="13" drill="0" y="2.75" x="-10.7696"/><pad name="14" drill="0" y="2.25" x="-10.7696"/><pad name="15" drill="0" y="1.75" x="-10.7696"/><pad name="16" drill="0" y="1.25" x="-10.7696"/><pad name="17" drill="0" y="0.75" x="-10.7696"/><pad name="18" drill="0" y="0.25" x="-10.7696"/><pad name="19" drill="0" y="-0.25" x="-10.7696"/><pad name="20" drill="0" y="-0.75" x="-10.7696"/><pad name="21" drill="0" y="-1.25" x="-10.7696"/><pad name="22" drill="0" y="-1.75" x="-10.7696"/><pad name="23" drill="0" y="-2.25" x="-10.7696"/><pad name="24" drill="0" y="-2.75" x="-10.7696"/><pad name="25" drill="0" y="-3.25" x="-10.7696"/><pad name="26" drill="0" y="-3.75" x="-10.7696"/><pad name="27" drill="0" y="-4.25" x="-10.7696"/><pad name="28" drill="0" y="-4.75" x="-10.7696"/><pad name="29" drill="0" y="-5.25" x="-10.7696"/><pad name="30" drill="0" y="-5.75" x="-10.7696"/><pad name="31" drill="0" y="-6.25" x="-10.7696"/><pad name="32" drill="0" y="-6.75" x="-10.7696"/><pad name="33" drill="0" y="-7.25" x="-10.7696"/><pad name="34" drill="0" y="-7.75" x="-10.7696"/><pad name="35" drill="0" y="-8.25" x="-10.7696"/><pad name="36" drill="0" y="-8.75" x="-10.7696"/><pad name="37" drill="0" y="-10.7696" x="-8.75"/><pad name="38" drill="0" y="-10.7696" x="-8.25"/><pad name="39" drill="0" y="-10.7696" x="-7.75"/><pad name="40" drill="0" y="-10.7696" x="-7.25"/><pad name="41" drill="0" y="-10.7696" x="-6.75"/><pad name="42" drill="0" y="-10.7696" x="-6.25"/><pad name="43" drill="0" y="-10.7696" x="-5.75"/><pad name="44" drill="0" y="-10.7696" x="-5.25"/><pad name="45" drill="0" y="-10.7696" x="-4.75"/><pad name="46" drill="0" y="-10.7696" x="-4.25"/><pad name="47" drill="0" y="-10.7696" x="-3.75"/><pad name="48" drill="0" y="-10.7696" x="-3.25"/><pad name="49" drill="0" y="-10.7696" x="-2.75"/><pad name="50" drill="0" y="-10.7696" x="-2.25"/><pad name="51" drill="0" y="-10.7696" x="-1.75"/><pad name="52" drill="0" y="-10.7696" x="-1.25"/><pad name="53" drill="0" y="-10.7696" x="-0.75"/><pad name="54" drill="0" y="-10.7696" x="-0.25"/><pad name="55" drill="0" y="-10.7696" x="0.25"/><pad name="56" drill="0" y="-10.7696" x="0.75"/><pad name="57" drill="0" y="-10.7696" x="1.25"/><pad name="58" drill="0" y="-10.7696" x="1.75"/><pad name="59" drill="0" y="-10.7696" x="2.25"/><pad name="60" drill="0" y="-10.7696" x="2.75"/><pad name="61" drill="0" y="-10.7696" x="3.25"/><pad name="62" drill="0" y="-10.7696" x="3.75"/><pad name="63" drill="0" y="-10.7696" x="4.25"/><pad name="64" drill="0" y="-10.7696" x="4.75"/><pad name="65" drill="0" y="-10.7696" x="5.25"/><pad name="66" drill="0" y="-10.7696" x="5.75"/><pad name="67" drill="0" y="-10.7696" x="6.25"/><pad name="68" drill="0" y="-10.7696" x="6.75"/><pad name="69" drill="0" y="-10.7696" x="7.25"/><pad name="70" drill="0" y="-10.7696" x="7.75"/><pad name="71" drill="0" y="-10.7696" x="8.25"/><pad name="72" drill="0" y="-10.7696" x="8.75"/><pad name="73" drill="0" y="-8.75" x="10.7696"/><pad name="74" drill="0" y="-8.25" x="10.7696"/><pad name="75" drill="0" y="-7.75" x="10.7696"/><pad name="76" drill="0" y="-7.25" x="10.7696"/><pad name="77" drill="0" y="-6.75" x="10.7696"/><pad name="78" drill="0" y="-6.25" x="10.7696"/><pad name="79" drill="0" y="-5.75" x="10.7696"/><pad name="80" drill="0" y="-5.25" x="10.7696"/><pad name="81" drill="0" y="-4.75" x="10.7696"/><pad name="82" drill="0" y="-4.25" x="10.7696"/><pad name="83" drill="0" y="-3.75" x="10.7696"/><pad name="84" drill="0" y="-3.25" x="10.7696"/><pad name="85" drill="0" y="-2.75" x="10.7696"/><pad name="86" drill="0" y="-2.25" x="10.7696"/><pad name="87" drill="0" y="-1.75" x="10.7696"/><pad name="88" drill="0" y="-1.25" x="10.7696"/><pad name="89" drill="0" y="-0.75" x="10.7696"/><pad name="90" drill="0" y="-0.25" x="10.7696"/><pad name="91" drill="0" y="0.25" x="10.7696"/><pad name="92" drill="0" y="0.75" x="10.7696"/><pad name="93" drill="0" y="1.25" x="10.7696"/><pad name="94" drill="0" y="1.75" x="10.7696"/><pad name="95" drill="0" y="2.25" x="10.7696"/><pad name="96" drill="0" y="2.75" x="10.7696"/><pad name="97" drill="0" y="3.25" x="10.7696"/><pad name="98" drill="0" y="3.75" x="10.7696"/><pad name="99" drill="0" y="4.25" x="10.7696"/><pad name="100" drill="0" y="4.75" x="10.7696"/><pad name="101" drill="0" y="5.25" x="10.7696"/><pad name="102" drill="0" y="5.75" x="10.7696"/><pad name="103" drill="0" y="6.25" x="10.7696"/><pad name="104" drill="0" y="6.75" x="10.7696"/><pad name="105" drill="0" y="7.25" x="10.7696"/><pad name="106" drill="0" y="7.75" x="10.7696"/><pad name="107" drill="0" y="8.25" x="10.7696"/><pad name="108" drill="0" y="8.75" x="10.7696"/><pad name="109" drill="0" y="10.7696" x="8.75"/><pad name="110" drill="0" y="10.7696" x="8.25"/><pad name="111" drill="0" y="10.7696" x="7.75"/><pad name="112" drill="0" y="10.7696" x="7.25"/><pad name="113" drill="0" y="10.7696" x="6.75"/><pad name="114" drill="0" y="10.7696" x="6.25"/><pad name="115" drill="0" y="10.7696" x="5.75"/><pad name="116" drill="0" y="10.7696" x="5.25"/><pad name="117" drill="0" y="10.7696" x="4.75"/><pad name="118" drill="0" y="10.7696" x="4.25"/><pad name="119" drill="0" y="10.7696" x="3.75"/><pad name="120" drill="0" y="10.7696" x="3.25"/><pad name="121" drill="0" y="10.7696" x="2.75"/><pad name="122" drill="0" y="10.7696" x="2.25"/><pad name="123" drill="0" y="10.7696" x="1.75"/><pad name="124" drill="0" y="10.7696" x="1.25"/><pad name="125" drill="0" y="10.7696" x="0.75"/><pad name="126" drill="0" y="10.7696" x="0.25"/><pad name="127" drill="0" y="10.7696" x="-0.25"/><pad name="128" drill="0" y="10.7696" x="-0.75"/><pad name="129" drill="0" y="10.7696" x="-1.25"/><pad name="130" drill="0" y="10.7696" x="-1.75"/><pad name="131" drill="0" y="10.7696" x="-2.25"/><pad name="132" drill="0" y="10.7696" x="-2.75"/><pad name="133" drill="0" y="10.7696" x="-3.25"/><pad name="134" drill="0" y="10.7696" x="-3.75"/><pad name="135" drill="0" y="10.7696" x="-4.25"/><pad name="136" drill="0" y="10.7696" x="-4.75"/><pad name="137" drill="0" y="10.7696" x="-5.25"/><pad name="138" drill="0" y="10.7696" x="-5.75"/><pad name="139" drill="0" y="10.7696" x="-6.25"/><pad name="140" drill="0" y="10.7696" x="-6.75"/><pad name="141" drill="0" y="10.7696" x="-7.25"/><pad name="142" drill="0" y="10.7696" x="-7.75"/><pad name="143" drill="0" y="10.7696" x="-8.25"/><pad name="144" drill="0" y="10.7696" x="-8.75"/></package><package name="LQFP-144-L"><pad name="1" drill="0" y="8.75" x="-10.668"/><pad name="2" drill="0" y="8.25" x="-10.668"/><pad name="3" drill="0" y="7.75" x="-10.668"/><pad name="4" drill="0" y="7.25" x="-10.668"/><pad name="5" drill="0" y="6.75" x="-10.668"/><pad name="6" drill="0" y="6.25" x="-10.668"/><pad name="7" drill="0" y="5.75" x="-10.668"/><pad name="8" drill="0" y="5.25" x="-10.668"/><pad name="9" drill="0" y="4.75" x="-10.668"/><pad name="10" drill="0" y="4.25" x="-10.668"/><pad name="11" drill="0" y="3.75" x="-10.668"/><pad name="12" drill="0" y="3.25" x="-10.668"/><pad name="13" drill="0" y="2.75" x="-10.668"/><pad name="14" drill="0" y="2.25" x="-10.668"/><pad name="15" drill="0" y="1.75" x="-10.668"/><pad name="16" drill="0" y="1.25" x="-10.668"/><pad name="17" drill="0" y="0.75" x="-10.668"/><pad name="18" drill="0" y="0.25" x="-10.668"/><pad name="19" drill="0" y="-0.25" x="-10.668"/><pad name="20" drill="0" y="-0.75" x="-10.668"/><pad name="21" drill="0" y="-1.25" x="-10.668"/><pad name="22" drill="0" y="-1.75" x="-10.668"/><pad name="23" drill="0" y="-2.25" x="-10.668"/><pad name="24" drill="0" y="-2.75" x="-10.668"/><pad name="25" drill="0" y="-3.25" x="-10.668"/><pad name="26" drill="0" y="-3.75" x="-10.668"/><pad name="27" drill="0" y="-4.25" x="-10.668"/><pad name="28" drill="0" y="-4.75" x="-10.668"/><pad name="29" drill="0" y="-5.25" x="-10.668"/><pad name="30" drill="0" y="-5.75" x="-10.668"/><pad name="31" drill="0" y="-6.25" x="-10.668"/><pad name="32" drill="0" y="-6.75" x="-10.668"/><pad name="33" drill="0" y="-7.25" x="-10.668"/><pad name="34" drill="0" y="-7.75" x="-10.668"/><pad name="35" drill="0" y="-8.25" x="-10.668"/><pad name="36" drill="0" y="-8.75" x="-10.668"/><pad name="37" drill="0" y="-10.668" x="-8.75"/><pad name="38" drill="0" y="-10.668" x="-8.25"/><pad name="39" drill="0" y="-10.668" x="-7.75"/><pad name="40" drill="0" y="-10.668" x="-7.25"/><pad name="41" drill="0" y="-10.668" x="-6.75"/><pad name="42" drill="0" y="-10.668" x="-6.25"/><pad name="43" drill="0" y="-10.668" x="-5.75"/><pad name="44" drill="0" y="-10.668" x="-5.25"/><pad name="45" drill="0" y="-10.668" x="-4.75"/><pad name="46" drill="0" y="-10.668" x="-4.25"/><pad name="47" drill="0" y="-10.668" x="-3.75"/><pad name="48" drill="0" y="-10.668" x="-3.25"/><pad name="49" drill="0" y="-10.668" x="-2.75"/><pad name="50" drill="0" y="-10.668" x="-2.25"/><pad name="51" drill="0" y="-10.668" x="-1.75"/><pad name="52" drill="0" y="-10.668" x="-1.25"/><pad name="53" drill="0" y="-10.668" x="-0.75"/><pad name="54" drill="0" y="-10.668" x="-0.25"/><pad name="55" drill="0" y="-10.668" x="0.25"/><pad name="56" drill="0" y="-10.668" x="0.75"/><pad name="57" drill="0" y="-10.668" x="1.25"/><pad name="58" drill="0" y="-10.668" x="1.75"/><pad name="59" drill="0" y="-10.668" x="2.25"/><pad name="60" drill="0" y="-10.668" x="2.75"/><pad name="61" drill="0" y="-10.668" x="3.25"/><pad name="62" drill="0" y="-10.668" x="3.75"/><pad name="63" drill="0" y="-10.668" x="4.25"/><pad name="64" drill="0" y="-10.668" x="4.75"/><pad name="65" drill="0" y="-10.668" x="5.25"/><pad name="66" drill="0" y="-10.668" x="5.75"/><pad name="67" drill="0" y="-10.668" x="6.25"/><pad name="68" drill="0" y="-10.668" x="6.75"/><pad name="69" drill="0" y="-10.668" x="7.25"/><pad name="70" drill="0" y="-10.668" x="7.75"/><pad name="71" drill="0" y="-10.668" x="8.25"/><pad name="72" drill="0" y="-10.668" x="8.75"/><pad name="73" drill="0" y="-8.75" x="10.668"/><pad name="74" drill="0" y="-8.25" x="10.668"/><pad name="75" drill="0" y="-7.75" x="10.668"/><pad name="76" drill="0" y="-7.25" x="10.668"/><pad name="77" drill="0" y="-6.75" x="10.668"/><pad name="78" drill="0" y="-6.25" x="10.668"/><pad name="79" drill="0" y="-5.75" x="10.668"/><pad name="80" drill="0" y="-5.25" x="10.668"/><pad name="81" drill="0" y="-4.75" x="10.668"/><pad name="82" drill="0" y="-4.25" x="10.668"/><pad name="83" drill="0" y="-3.75" x="10.668"/><pad name="84" drill="0" y="-3.25" x="10.668"/><pad name="85" drill="0" y="-2.75" x="10.668"/><pad name="86" drill="0" y="-2.25" x="10.668"/><pad name="87" drill="0" y="-1.75" x="10.668"/><pad name="88" drill="0" y="-1.25" x="10.668"/><pad name="89" drill="0" y="-0.75" x="10.668"/><pad name="90" drill="0" y="-0.25" x="10.668"/><pad name="91" drill="0" y="0.25" x="10.668"/><pad name="92" drill="0" y="0.75" x="10.668"/><pad name="93" drill="0" y="1.25" x="10.668"/><pad name="94" drill="0" y="1.75" x="10.668"/><pad name="95" drill="0" y="2.25" x="10.668"/><pad name="96" drill="0" y="2.75" x="10.668"/><pad name="97" drill="0" y="3.25" x="10.668"/><pad name="98" drill="0" y="3.75" x="10.668"/><pad name="99" drill="0" y="4.25" x="10.668"/><pad name="100" drill="0" y="4.75" x="10.668"/><pad name="101" drill="0" y="5.25" x="10.668"/><pad name="102" drill="0" y="5.75" x="10.668"/><pad name="103" drill="0" y="6.25" x="10.668"/><pad name="104" drill="0" y="6.75" x="10.668"/><pad name="105" drill="0" y="7.25" x="10.668"/><pad name="106" drill="0" y="7.75" x="10.668"/><pad name="107" drill="0" y="8.25" x="10.668"/><pad name="108" drill="0" y="8.75" x="10.668"/><pad name="109" drill="0" y="10.668" x="8.75"/><pad name="110" drill="0" y="10.668" x="8.25"/><pad name="111" drill="0" y="10.668" x="7.75"/><pad name="112" drill="0" y="10.668" x="7.25"/><pad name="113" drill="0" y="10.668" x="6.75"/><pad name="114" drill="0" y="10.668" x="6.25"/><pad name="115" drill="0" y="10.668" x="5.75"/><pad name="116" drill="0" y="10.668" x="5.25"/><pad name="117" drill="0" y="10.668" x="4.75"/><pad name="118" drill="0" y="10.668" x="4.25"/><pad name="119" drill="0" y="10.668" x="3.75"/><pad name="120" drill="0" y="10.668" x="3.25"/><pad name="121" drill="0" y="10.668" x="2.75"/><pad name="122" drill="0" y="10.668" x="2.25"/><pad name="123" drill="0" y="10.668" x="1.75"/><pad name="124" drill="0" y="10.668" x="1.25"/><pad name="125" drill="0" y="10.668" x="0.75"/><pad name="126" drill="0" y="10.668" x="0.25"/><pad name="127" drill="0" y="10.668" x="-0.25"/><pad name="128" drill="0" y="10.668" x="-0.75"/><pad name="129" drill="0" y="10.668" x="-1.25"/><pad name="130" drill="0" y="10.668" x="-1.75"/><pad name="131" drill="0" y="10.668" x="-2.25"/><pad name="132" drill="0" y="10.668" x="-2.75"/><pad name="133" drill="0" y="10.668" x="-3.25"/><pad name="134" drill="0" y="10.668" x="-3.75"/><pad name="135" drill="0" y="10.668" x="-4.25"/><pad name="136" drill="0" y="10.668" x="-4.75"/><pad name="137" drill="0" y="10.668" x="-5.25"/><pad name="138" drill="0" y="10.668" x="-5.75"/><pad name="139" drill="0" y="10.668" x="-6.25"/><pad name="140" drill="0" y="10.668" x="-6.75"/><pad name="141" drill="0" y="10.668" x="-7.25"/><pad name="142" drill="0" y="10.668" x="-7.75"/><pad name="143" drill="0" y="10.668" x="-8.25"/><pad name="144" drill="0" y="10.668" x="-8.75"/></package></packages><symbols><symbol name="STM32F207ZGT6@1"><pin name="PE2@1" x="0" y="0" rot="MR180" direction="io" length="long" visible="both" swaplevel="0"/><pin name="PE3@2" x="0" y="-2.54" rot="MR180" direction="io" length="long" visible="both" swaplevel="0"/><pin name="PE4@3" x="0" y="-5.08" rot="MR180" direction="io" length="long" visible="both" swaplevel="0"/><pin name="PE5@4" x="0" y="-7.62" rot="MR180" direction="io" length="long" visible="both" swaplevel="0"/><pin name="PE6@5" x="0" y="-10.16" rot="MR180" direction="io" length="long" visible="both" swaplevel="0"/><pin name="VBAT@6" x="0" y="-12.7" rot="MR180" direction="pwr" length="long" visible="both" swaplevel="0"/><pin name="PC13-TAMPER-RTC@7" x="0" y="-15.24" rot="MR180" direction="io" length="long" visible="both" swaplevel="0"/><pin name="PC14-PSC32_IN@8" x="0" y="-17.78" rot="MR180" direction="io" length="long" visible="both" swaplevel="0"/><pin name="PC15-OSC32_OUT@9" x="0" y="-20.32" rot="MR180" direction="io" length="long" visible="both" swaplevel="0"/><pin name="PF0@10" x="0" y="-22.86" rot="MR180" direction="io" length="long" visible="both" swaplevel="0"/><pin name="PF1@11" x="0" y="-25.4" rot="MR180" direction="io" length="long" visible="both" swaplevel="0"/><pin name="PF2@12" x="0" y="-27.94" rot="MR180" direction="io" length="long" visible="both" swaplevel="0"/><pin name="PF3@13" x="0" y="-30.48" rot="MR180" direction="io" length="long" visible="both" swaplevel="0"/><pin name="PF4@14" x="0" y="-33.02" rot="MR180" direction="io" length="long" visible="both" swaplevel="0"/><pin name="PF5@15" x="0" y="-35.56" rot="MR180" direction="io" length="long" visible="both" swaplevel="0"/><pin name="VSS_5@16" x="0" y="-38.1" rot="MR180" direction="pwr" length="long" visible="both" swaplevel="0"/><pin name="VDD_5@17" x="0" y="-40.64" rot="MR180" direction="pwr" length="long" visible="both" swaplevel="0"/><pin name="PF6@18" x="0" y="-43.18" rot="MR180" direction="io" length="long" visible="both" swaplevel="0"/><pin name="PF7@19" x="0" y="-45.72" rot="MR180" direction="io" length="long" visible="both" swaplevel="0"/><pin name="PF8@20" x="0" y="-48.26" rot="MR180" direction="io" length="long" visible="both" swaplevel="0"/><pin name="PF9@21" x="0" y="-50.8" rot="MR180" direction="io" length="long" visible="both" swaplevel="0"/><pin name="PF10@22" x="0" y="-53.34" rot="MR180" direction="io" length="long" visible="both" swaplevel="0"/><pin name="OSC_IN@23" x="0" y="-55.88" rot="MR180" direction="in" length="long" visible="both" swaplevel="0"/><pin name="OSC_OUT@24" x="0" y="-58.42" rot="MR180" direction="out" length="long" visible="both" swaplevel="0"/><pin name="NRST@25" x="0" y="-60.96" rot="MR180" direction="io" length="long" visible="both" swaplevel="0"/><pin name="PC0@26" x="0" y="-63.5" rot="MR180" direction="io" length="long" visible="both" swaplevel="0"/><pin name="PC1@27" x="0" y="-66.04" rot="MR180" direction="io" length="long" visible="both" swaplevel="0"/><pin name="PC2@28" x="0" y="-68.58" rot="MR180" direction="io" length="long" visible="both" swaplevel="0"/><pin name="PC3@29" x="0" y="-71.12" rot="MR180" direction="io" length="long" visible="both" swaplevel="0"/><pin name="VSSA@30" x="0" y="-73.66" rot="MR180" direction="pwr" length="long" visible="both" swaplevel="0"/><pin name="VREF-@31" x="0" y="-76.2" rot="MR180" direction="pwr" length="long" visible="both" swaplevel="0"/><pin name="VREF+@32" x="0" y="-78.74" rot="MR180" direction="pwr" length="long" visible="both" swaplevel="0"/><pin name="VDDA@33" x="0" y="-81.28" rot="MR180" direction="pwr" length="long" visible="both" swaplevel="0"/><pin name="PA0-WKUP@34" x="0" y="-83.82" rot="MR180" direction="io" length="long" visible="both" swaplevel="0"/><pin name="PA1@35" x="0" y="-86.36" rot="MR180" direction="io" length="long" visible="both" swaplevel="0"/><pin name="PA2@36" x="0" y="-88.9" rot="MR180" direction="io" length="long" visible="both" swaplevel="0"/><pin name="PA3@37" x="86.36" y="-88.9" rot="MR0" direction="io" length="long" visible="both" swaplevel="0"/><pin name="VSS_4@38" x="86.36" y="-86.36" rot="MR0" direction="pwr" length="long" visible="both" swaplevel="0"/><pin name="VDD_4@39" x="86.36" y="-83.82" rot="MR0" direction="pwr" length="long" visible="both" swaplevel="0"/><pin name="PA4@40" x="86.36" y="-81.28" rot="MR0" direction="io" length="long" visible="both" swaplevel="0"/><pin name="PA5@41" x="86.36" y="-78.74" rot="MR0" direction="io" length="long" visible="both" swaplevel="0"/><pin name="PA6@42" x="86.36" y="-76.2" rot="MR0" direction="io" length="long" visible="both" swaplevel="0"/><pin name="PA7@43" x="86.36" y="-73.66" rot="MR0" direction="io" length="long" visible="both" swaplevel="0"/><pin name="PC4@44" x="86.36" y="-71.12" rot="MR0" direction="io" length="long" visible="both" swaplevel="0"/><pin name="PC5@45" x="86.36" y="-68.58" rot="MR0" direction="io" length="long" visible="both" swaplevel="0"/><pin name="PB0@46" x="86.36" y="-66.04" rot="MR0" direction="io" length="long" visible="both" swaplevel="0"/><pin name="PB1@47" x="86.36" y="-63.5" rot="MR0" direction="io" length="long" visible="both" swaplevel="0"/><pin name="PB2@48" x="86.36" y="-60.96" rot="MR0" direction="io" length="long" visible="both" swaplevel="0"/><pin name="PF11@49" x="86.36" y="-58.42" rot="MR0" direction="io" length="long" visible="both" swaplevel="0"/><pin name="PF12@50" x="86.36" y="-55.88" rot="MR0" direction="io" length="long" visible="both" swaplevel="0"/><pin name="VSS_6@51" x="86.36" y="-53.34" rot="MR0" direction="pwr" length="long" visible="both" swaplevel="0"/><pin name="VDD_6@52" x="86.36" y="-50.8" rot="MR0" direction="pwr" length="long" visible="both" swaplevel="0"/><pin name="PF13@53" x="86.36" y="-48.26" rot="MR0" direction="io" length="long" visible="both" swaplevel="0"/><pin name="PF14@54" x="86.36" y="-45.72" rot="MR0" direction="io" length="long" visible="both" swaplevel="0"/><pin name="PF15@55" x="86.36" y="-43.18" rot="MR0" direction="io" length="long" visible="both" swaplevel="0"/><pin name="PG0@56" x="86.36" y="-40.64" rot="MR0" direction="io" length="long" visible="both" swaplevel="0"/><pin name="PG1@57" x="86.36" y="-38.1" rot="MR0" direction="io" length="long" visible="both" swaplevel="0"/><pin name="PE7@58" x="86.36" y="-35.56" rot="MR0" direction="io" length="long" visible="both" swaplevel="0"/><pin name="PE8@59" x="86.36" y="-33.02" rot="MR0" direction="io" length="long" visible="both" swaplevel="0"/><pin name="PE9@60" x="86.36" y="-30.48" rot="MR0" direction="io" length="long" visible="both" swaplevel="0"/><pin name="VSS_7@61" x="86.36" y="-27.94" rot="MR0" direction="pwr" length="long" visible="both" swaplevel="0"/><pin name="VDD_7@62" x="86.36" y="-25.4" rot="MR0" direction="pwr" length="long" visible="both" swaplevel="0"/><pin name="PE10@63" x="86.36" y="-22.86" rot="MR0" direction="io" length="long" visible="both" swaplevel="0"/><pin name="PE11@64" x="86.36" y="-20.32" rot="MR0" direction="io" length="long" visible="both" swaplevel="0"/><pin name="PE12@65" x="86.36" y="-17.78" rot="MR0" direction="io" length="long" visible="both" swaplevel="0"/><pin name="PE13@66" x="86.36" y="-15.24" rot="MR0" direction="io" length="long" visible="both" swaplevel="0"/><pin name="PE14@67" x="86.36" y="-12.7" rot="MR0" direction="io" length="long" visible="both" swaplevel="0"/><pin name="PE15@68" x="86.36" y="-10.16" rot="MR0" direction="io" length="long" visible="both" swaplevel="0"/><pin name="PB10@69" x="86.36" y="-7.62" rot="MR0" direction="io" length="long" visible="both" swaplevel="0"/><pin name="PB11@70" x="86.36" y="-5.08" rot="MR0" direction="io" length="long" visible="both" swaplevel="0"/><pin name="VSS_1@71" x="86.36" y="-2.54" rot="MR0" direction="pwr" length="long" visible="both" swaplevel="0"/><pin name="VDD_1@72" x="86.36" y="0" rot="MR0" direction="pwr" length="long" visible="both" swaplevel="0"/><wire x1="7.62" y1="5.08" x2="7.62" y2="-93.98" width="0.127" layer="94"/><wire x1="7.62" y1="-93.98" x2="78.74" y2="-93.98" width="0.127" layer="94"/><wire x1="78.74" y1="-93.98" x2="78.74" y2="5.08" width="0.127" layer="94"/><wire x1="78.74" y1="5.08" x2="7.62" y2="5.08" width="0.127" layer="94"/><text size="2" x="43.18" y="10.16" layer="95" align="center">&gt;NAME</text><text size="2" x="43.18" y="7.62" layer="96" align="center">&gt;VALUE</text></symbol><symbol name="STM32F207ZGT6@2"><pin name="PB12@73" x="0" y="0" rot="MR180" direction="io" length="long" visible="both" swaplevel="0"/><pin name="PB13@74" x="0" y="-2.54" rot="MR180" direction="io" length="long" visible="both" swaplevel="0"/><pin name="PB14@75" x="0" y="-5.08" rot="MR180" direction="io" length="long" visible="both" swaplevel="0"/><pin name="PB15@76" x="0" y="-7.62" rot="MR180" direction="io" length="long" visible="both" swaplevel="0"/><pin name="PD8@77" x="0" y="-10.16" rot="MR180" direction="io" length="long" visible="both" swaplevel="0"/><pin name="PD9@78" x="0" y="-12.7" rot="MR180" direction="io" length="long" visible="both" swaplevel="0"/><pin name="PD10@79" x="0" y="-15.24" rot="MR180" direction="io" length="long" visible="both" swaplevel="0"/><pin name="PD11@80" x="0" y="-17.78" rot="MR180" direction="io" length="long" visible="both" swaplevel="0"/><pin name="PD12@81" x="0" y="-20.32" rot="MR180" direction="io" length="long" visible="both" swaplevel="0"/><pin name="PD13@82" x="0" y="-22.86" rot="MR180" direction="io" length="long" visible="both" swaplevel="0"/><pin name="VSS_8@83" x="0" y="-25.4" rot="MR180" direction="pwr" length="long" visible="both" swaplevel="0"/><pin name="VDD_8@84" x="0" y="-27.94" rot="MR180" direction="pwr" length="long" visible="both" swaplevel="0"/><pin name="PD14@85" x="0" y="-30.48" rot="MR180" direction="io" length="long" visible="both" swaplevel="0"/><pin name="PD15@86" x="0" y="-33.02" rot="MR180" direction="io" length="long" visible="both" swaplevel="0"/><pin name="PG2@87" x="0" y="-35.56" rot="MR180" direction="io" length="long" visible="both" swaplevel="0"/><pin name="PG3@88" x="0" y="-38.1" rot="MR180" direction="io" length="long" visible="both" swaplevel="0"/><pin name="PG4@89" x="0" y="-40.64" rot="MR180" direction="io" length="long" visible="both" swaplevel="0"/><pin name="PG5@90" x="0" y="-43.18" rot="MR180" direction="io" length="long" visible="both" swaplevel="0"/><pin name="PG6@91" x="0" y="-45.72" rot="MR180" direction="io" length="long" visible="both" swaplevel="0"/><pin name="PG7@92" x="0" y="-48.26" rot="MR180" direction="io" length="long" visible="both" swaplevel="0"/><pin name="PG8@93" x="0" y="-50.8" rot="MR180" direction="io" length="long" visible="both" swaplevel="0"/><pin name="VSS_9@94" x="0" y="-53.34" rot="MR180" direction="pwr" length="long" visible="both" swaplevel="0"/><pin name="VDD_9@95" x="0" y="-55.88" rot="MR180" direction="pwr" length="long" visible="both" swaplevel="0"/><pin name="PC6@96" x="0" y="-58.42" rot="MR180" direction="io" length="long" visible="both" swaplevel="0"/><pin name="PC7@97" x="0" y="-60.96" rot="MR180" direction="io" length="long" visible="both" swaplevel="0"/><pin name="PC8@98" x="0" y="-63.5" rot="MR180" direction="io" length="long" visible="both" swaplevel="0"/><pin name="PC9@99" x="0" y="-66.04" rot="MR180" direction="io" length="long" visible="both" swaplevel="0"/><pin name="PA8@100" x="0" y="-68.58" rot="MR180" direction="io" length="long" visible="both" swaplevel="0"/><pin name="PA9@101" x="0" y="-71.12" rot="MR180" direction="io" length="long" visible="both" swaplevel="0"/><pin name="PA10@102" x="0" y="-73.66" rot="MR180" direction="io" length="long" visible="both" swaplevel="0"/><pin name="PA11@103" x="0" y="-76.2" rot="MR180" direction="io" length="long" visible="both" swaplevel="0"/><pin name="PA12@104" x="0" y="-78.74" rot="MR180" direction="io" length="long" visible="both" swaplevel="0"/><pin name="PA13@105" x="0" y="-81.28" rot="MR180" direction="io" length="long" visible="both" swaplevel="0"/><pin name="NC@106" x="0" y="-83.82" rot="MR180" direction="nc" length="long" visible="both" swaplevel="0"/><pin name="VSS_2@107" x="0" y="-86.36" rot="MR180" direction="pwr" length="long" visible="both" swaplevel="0"/><pin name="VDD_2@108" x="0" y="-88.9" rot="MR180" direction="pwr" length="long" visible="both" swaplevel="0"/><pin name="PA14@109" x="66.04" y="-88.9" rot="MR0" direction="io" length="long" visible="both" swaplevel="0"/><pin name="PA15@110" x="66.04" y="-86.36" rot="MR0" direction="io" length="long" visible="both" swaplevel="0"/><pin name="PC10@111" x="66.04" y="-83.82" rot="MR0" direction="io" length="long" visible="both" swaplevel="0"/><pin name="PC11@112" x="66.04" y="-81.28" rot="MR0" direction="io" length="long" visible="both" swaplevel="0"/><pin name="PC12@113" x="66.04" y="-78.74" rot="MR0" direction="io" length="long" visible="both" swaplevel="0"/><pin name="PD0@114" x="66.04" y="-76.2" rot="MR0" direction="io" length="long" visible="both" swaplevel="0"/><pin name="PD1@115" x="66.04" y="-73.66" rot="MR0" direction="io" length="long" visible="both" swaplevel="0"/><pin name="PD2@116" x="66.04" y="-71.12" rot="MR0" direction="io" length="long" visible="both" swaplevel="0"/><pin name="PD3@117" x="66.04" y="-68.58" rot="MR0" direction="io" length="long" visible="both" swaplevel="0"/><pin name="PD4@118" x="66.04" y="-66.04" rot="MR0" direction="io" length="long" visible="both" swaplevel="0"/><pin name="PD5@119" x="66.04" y="-63.5" rot="MR0" direction="io" length="long" visible="both" swaplevel="0"/><pin name="VSS_10@120" x="66.04" y="-60.96" rot="MR0" direction="pwr" length="long" visible="both" swaplevel="0"/><pin name="VDD_10@121" x="66.04" y="-58.42" rot="MR0" direction="pwr" length="long" visible="both" swaplevel="0"/><pin name="PD6@122" x="66.04" y="-55.88" rot="MR0" direction="io" length="long" visible="both" swaplevel="0"/><pin name="PD7@123" x="66.04" y="-53.34" rot="MR0" direction="io" length="long" visible="both" swaplevel="0"/><pin name="PG9@124" x="66.04" y="-50.8" rot="MR0" direction="io" length="long" visible="both" swaplevel="0"/><pin name="PG10@125" x="66.04" y="-48.26" rot="MR0" direction="io" length="long" visible="both" swaplevel="0"/><pin name="PG11@126" x="66.04" y="-45.72" rot="MR0" direction="io" length="long" visible="both" swaplevel="0"/><pin name="PG12@127" x="66.04" y="-43.18" rot="MR0" direction="io" length="long" visible="both" swaplevel="0"/><pin name="PG13@128" x="66.04" y="-40.64" rot="MR0" direction="io" length="long" visible="both" swaplevel="0"/><pin name="PG14@129" x="66.04" y="-38.1" rot="MR0" direction="io" length="long" visible="both" swaplevel="0"/><pin name="VSS_11@130" x="66.04" y="-35.56" rot="MR0" direction="io" length="long" visible="both" swaplevel="0"/><pin name="VDD_11@131" x="66.04" y="-33.02" rot="MR0" direction="pwr" length="long" visible="both" swaplevel="0"/><pin name="PG15@132" x="66.04" y="-30.48" rot="MR0" direction="pwr" length="long" visible="both" swaplevel="0"/><pin name="PB3@133" x="66.04" y="-27.94" rot="MR0" direction="io" length="long" visible="both" swaplevel="0"/><pin name="PB4@134" x="66.04" y="-25.4" rot="MR0" direction="io" length="long" visible="both" swaplevel="0"/><pin name="PB5@135" x="66.04" y="-22.86" rot="MR0" direction="io" length="long" visible="both" swaplevel="0"/><pin name="PB6@136" x="66.04" y="-20.32" rot="MR0" direction="io" length="long" visible="both" swaplevel="0"/><pin name="PB7@137" x="66.04" y="-17.78" rot="MR0" direction="io" length="long" visible="both" swaplevel="0"/><pin name="BOOT0@138" x="66.04" y="-15.24" rot="MR0" direction="in" length="long" visible="both" swaplevel="0"/><pin name="PB8@139" x="66.04" y="-12.7" rot="MR0" direction="io" length="long" visible="both" swaplevel="0"/><pin name="PB9@140" x="66.04" y="-10.16" rot="MR0" direction="io" length="long" visible="both" swaplevel="0"/><pin name="PE0@141" x="66.04" y="-7.62" rot="MR0" direction="io" length="long" visible="both" swaplevel="0"/><pin name="PE1@142" x="66.04" y="-5.08" rot="MR0" direction="io" length="long" visible="both" swaplevel="0"/><pin name="VSS_3@143" x="66.04" y="-2.54" rot="MR0" direction="pwr" length="long" visible="both" swaplevel="0"/><pin name="VDD_3@144" x="66.04" y="0" rot="MR0" direction="pwr" length="long" visible="both" swaplevel="0"/><wire x1="7.62" y1="5.08" x2="7.62" y2="-93.98" width="0.127" layer="94"/><wire x1="7.62" y1="-93.98" x2="58.42" y2="-93.98" width="0.127" layer="94"/><wire x1="58.42" y1="-93.98" x2="58.42" y2="5.08" width="0.127" layer="94"/><wire x1="58.42" y1="5.08" x2="7.62" y2="5.08" width="0.127" layer="94"/><text size="2" x="33.02" y="10.16" layer="95" align="center">&gt;NAME</text><text size="2" x="33.02" y="7.62" layer="96" align="center">&gt;VALUE</text></symbol></symbols><devicesets><deviceset name="STM32F207ZGT6" prefix="U"><gates><gate name="1" addlevel="always" y="0" x="0" symbol="STM32F207ZGT6@1"/><gate name="2" addlevel="always" y="0" x="0" symbol="STM32F207ZGT6@2"/></gates><devices><device name="STM32F207ZGT6" package="LQFP-144"><connects><connect pad="1" pin="PE2@1" gate="1"/><connect pad="2" pin="PE3@2" gate="1"/><connect pad="3" pin="PE4@3" gate="1"/><connect pad="4" pin="PE5@4" gate="1"/><connect pad="5" pin="PE6@5" gate="1"/><connect pad="6" pin="VBAT@6" gate="1"/><connect pad="7" pin="PC13-TAMPER-RTC@7" gate="1"/><connect pad="8" pin="PC14-PSC32_IN@8" gate="1"/><connect pad="9" pin="PC15-OSC32_OUT@9" gate="1"/><connect pad="10" pin="PF0@10" gate="1"/><connect pad="11" pin="PF1@11" gate="1"/><connect pad="12" pin="PF2@12" gate="1"/><connect pad="13" pin="PF3@13" gate="1"/><connect pad="14" pin="PF4@14" gate="1"/><connect pad="15" pin="PF5@15" gate="1"/><connect pad="16" pin="VSS_5@16" gate="1"/><connect pad="17" pin="VDD_5@17" gate="1"/><connect pad="18" pin="PF6@18" gate="1"/><connect pad="19" pin="PF7@19" gate="1"/><connect pad="20" pin="PF8@20" gate="1"/><connect pad="21" pin="PF9@21" gate="1"/><connect pad="22" pin="PF10@22" gate="1"/><connect pad="23" pin="OSC_IN@23" gate="1"/><connect pad="24" pin="OSC_OUT@24" gate="1"/><connect pad="25" pin="NRST@25" gate="1"/><connect pad="26" pin="PC0@26" gate="1"/><connect pad="27" pin="PC1@27" gate="1"/><connect pad="28" pin="PC2@28" gate="1"/><connect pad="29" pin="PC3@29" gate="1"/><connect pad="30" pin="VSSA@30" gate="1"/><connect pad="31" pin="VREF-@31" gate="1"/><connect pad="32" pin="VREF+@32" gate="1"/><connect pad="33" pin="VDDA@33" gate="1"/><connect pad="34" pin="PA0-WKUP@34" gate="1"/><connect pad="35" pin="PA1@35" gate="1"/><connect pad="36" pin="PA2@36" gate="1"/><connect pad="37" pin="PA3@37" gate="1"/><connect pad="38" pin="VSS_4@38" gate="1"/><connect pad="39" pin="VDD_4@39" gate="1"/><connect pad="40" pin="PA4@40" gate="1"/><connect pad="41" pin="PA5@41" gate="1"/><connect pad="42" pin="PA6@42" gate="1"/><connect pad="43" pin="PA7@43" gate="1"/><connect pad="44" pin="PC4@44" gate="1"/><connect pad="45" pin="PC5@45" gate="1"/><connect pad="46" pin="PB0@46" gate="1"/><connect pad="47" pin="PB1@47" gate="1"/><connect pad="48" pin="PB2@48" gate="1"/><connect pad="49" pin="PF11@49" gate="1"/><connect pad="50" pin="PF12@50" gate="1"/><connect pad="51" pin="VSS_6@51" gate="1"/><connect pad="52" pin="VDD_6@52" gate="1"/><connect pad="53" pin="PF13@53" gate="1"/><connect pad="54" pin="PF14@54" gate="1"/><connect pad="55" pin="PF15@55" gate="1"/><connect pad="56" pin="PG0@56" gate="1"/><connect pad="57" pin="PG1@57" gate="1"/><connect pad="58" pin="PE7@58" gate="1"/><connect pad="59" pin="PE8@59" gate="1"/><connect pad="60" pin="PE9@60" gate="1"/><connect pad="61" pin="VSS_7@61" gate="1"/><connect pad="62" pin="VDD_7@62" gate="1"/><connect pad="63" pin="PE10@63" gate="1"/><connect pad="64" pin="PE11@64" gate="1"/><connect pad="65" pin="PE12@65" gate="1"/><connect pad="66" pin="PE13@66" gate="1"/><connect pad="67" pin="PE14@67" gate="1"/><connect pad="68" pin="PE15@68" gate="1"/><connect pad="69" pin="PB10@69" gate="1"/><connect pad="70" pin="PB11@70" gate="1"/><connect pad="71" pin="VSS_1@71" gate="1"/><connect pad="72" pin="VDD_1@72" gate="1"/><connect pad="73" pin="PB12@73" gate="2"/><connect pad="74" pin="PB13@74" gate="2"/><connect pad="75" pin="PB14@75" gate="2"/><connect pad="76" pin="PB15@76" gate="2"/><connect pad="77" pin="PD8@77" gate="2"/><connect pad="78" pin="PD9@78" gate="2"/><connect pad="79" pin="PD10@79" gate="2"/><connect pad="80" pin="PD11@80" gate="2"/><connect pad="81" pin="PD12@81" gate="2"/><connect pad="82" pin="PD13@82" gate="2"/><connect pad="83" pin="VSS_8@83" gate="2"/><connect pad="84" pin="VDD_8@84" gate="2"/><connect pad="85" pin="PD14@85" gate="2"/><connect pad="86" pin="PD15@86" gate="2"/><connect pad="87" pin="PG2@87" gate="2"/><connect pad="88" pin="PG3@88" gate="2"/><connect pad="89" pin="PG4@89" gate="2"/><connect pad="90" pin="PG5@90" gate="2"/><connect pad="91" pin="PG6@91" gate="2"/><connect pad="92" pin="PG7@92" gate="2"/><connect pad="93" pin="PG8@93" gate="2"/><connect pad="94" pin="VSS_9@94" gate="2"/><connect pad="95" pin="VDD_9@95" gate="2"/><connect pad="96" pin="PC6@96" gate="2"/><connect pad="97" pin="PC7@97" gate="2"/><connect pad="98" pin="PC8@98" gate="2"/><connect pad="99" pin="PC9@99" gate="2"/><connect pad="100" pin="PA8@100" gate="2"/><connect pad="101" pin="PA9@101" gate="2"/><connect pad="102" pin="PA10@102" gate="2"/><connect pad="103" pin="PA11@103" gate="2"/><connect pad="104" pin="PA12@104" gate="2"/><connect pad="105" pin="PA13@105" gate="2"/><connect pad="106" pin="NC@106" gate="2"/><connect pad="107" pin="VSS_2@107" gate="2"/><connect pad="108" pin="VDD_2@108" gate="2"/><connect pad="109" pin="PA14@109" gate="2"/><connect pad="110" pin="PA15@110" gate="2"/><connect pad="111" pin="PC10@111" gate="2"/><connect pad="112" pin="PC11@112" gate="2"/><connect pad="113" pin="PC12@113" gate="2"/><connect pad="114" pin="PD0@114" gate="2"/><connect pad="115" pin="PD1@115" gate="2"/><connect pad="116" pin="PD2@116" gate="2"/><connect pad="117" pin="PD3@117" gate="2"/><connect pad="118" pin="PD4@118" gate="2"/><connect pad="119" pin="PD5@119" gate="2"/><connect pad="120" pin="VSS_10@120" gate="2"/><connect pad="121" pin="VDD_10@121" gate="2"/><connect pad="122" pin="PD6@122" gate="2"/><connect pad="123" pin="PD7@123" gate="2"/><connect pad="124" pin="PG9@124" gate="2"/><connect pad="125" pin="PG10@125" gate="2"/><connect pad="126" pin="PG11@126" gate="2"/><connect pad="127" pin="PG12@127" gate="2"/><connect pad="128" pin="PG13@128" gate="2"/><connect pad="129" pin="PG14@129" gate="2"/><connect pad="130" pin="VSS_11@130" gate="2"/><connect pad="131" pin="VDD_11@131" gate="2"/><connect pad="132" pin="PG15@132" gate="2"/><connect pad="133" pin="PB3@133" gate="2"/><connect pad="134" pin="PB4@134" gate="2"/><connect pad="135" pin="PB5@135" gate="2"/><connect pad="136" pin="PB6@136" gate="2"/><connect pad="137" pin="PB7@137" gate="2"/><connect pad="138" pin="BOOT0@138" gate="2"/><connect pad="139" pin="PB8@139" gate="2"/><connect pad="140" pin="PB9@140" gate="2"/><connect pad="141" pin="PE0@141" gate="2"/><connect pad="142" pin="PE1@142" gate="2"/><connect pad="143" pin="VSS_3@143" gate="2"/><connect pad="144" pin="VDD_3@144" gate="2"/></connects><technologies><technology name=""><attribute name="Vendor" value="STMicroelectronics" constant="no"/><attribute name="Manufacturer_Part_Number" value="STM32F207ZGT6" constant="no"/></technology></technologies></device></devices></deviceset></devicesets></library></libraries><attributes/><variantdefs/><classes><class number="0" name="default" width="0" drill="0"/></classes><parts/><sheets/></schematic></drawing></eagle>
